dept_id,dept_name,faculty_id,campus,salary_total,avg_salary,avg_salary_m,avg_salary_f,avg_salary_unknown_gender,expenses_total,avg_expenses,avg_emp_rating,num_ratings,num_employees,female_count,male_count,no_gender_count
7,"Computer Science",4,van,9819466,148779.7879,156686.0408,125991.1765,NULL,419446,6355.2424,12.2222,55,66,17,49,0
20,"Physics & Astronomy",4,van,9645709,141848.6618,144185.4364,136323.0000,79634.0000,484447,7124.2206,6.8824,29,68,12,55,1
67,"School of Population & Public Health",5,van,9499323,158322.0500,169019.0000,147625.1000,NULL,362993,6049.8833,4.0000,4,60,30,30,0
115,Paediatrics,5,van,9362177,161416.8448,178617.6875,140246.5769,NULL,335106,5777.6897,5.0000,1,58,26,32,0
15,Mathematics,4,van,9112244,138064.3030,143291.6538,121512.0000,81422.0000,286680,4343.6364,11.0769,32,66,13,52,1
1,"Electrical & Computer Engineering",3,van,8619894,156725.3455,156060.4490,166084.4000,142510.0000,536883,9761.5091,6.0000,35,55,5,49,1
45,Pathology,5,van,8239696,191620.8372,208358.5333,152995.3846,NULL,276274,6424.9767,5.0000,3,43,13,30,0
43,"Earth And Ocean Sciences",4,van,8045326,127703.5873,131507.1556,119386.7647,97929.0000,443907,7046.1429,3.8750,8,63,17,45,1
13,Chemistry,4,van,7975853,132930.8833,138295.4681,113535.8462,NULL,318787,5313.1167,7.4444,32,60,13,47,0
18,Economics,7,van,7924222,158484.4400,170687.1081,123753.7692,NULL,215630,4312.6000,13.7619,70,50,13,37,0
40,English,7,van,7003823,122874.0877,116565.6923,128165.0000,NULL,227816,3996.7719,6.0714,20,57,31,26,0
51,Psychiatry,5,van,6908063,168489.3415,188439.7391,141903.0588,161597.0000,304445,7425.4878,5.0000,2,41,17,23,1
9,"Medical Genetics",5,van,6623199,169825.6154,177504.3636,158072.8667,173505.0000,158246,4057.5897,5.0000,1,39,15,22,2
21,"Development Office",NULL,van,6533822,112652.1034,109173.2500,112835.8667,146129.0000,335179,5778.9483,5.0000,2,58,45,12,1
35,Psychology,7,van,6452115,140263.3696,145325.2500,134741.3182,NULL,240422,5226.5652,8.8750,16,46,22,24,0
71,Surgery,5,van,6088699,121773.9800,128347.4054,102917.9091,103874.0000,129205,2584.1000,6.6667,4,50,11,37,2
6,"Cellular & Physiological Sciences",5,van,6022011,146878.3171,157353.7931,121562.5833,NULL,174489,4255.8293,8.0000,9,41,12,29,0
4,Zoology,4,van,5973996,138930.1395,146785.3200,128020.1667,NULL,164103,3816.3488,5.1667,7,43,18,25,0
19,"School Of Nursing",3,van,5721019,121723.8085,141785.5000,120832.1778,NULL,348201,7408.5319,3.6667,7,47,45,2,0
52,"Educational & Counselling Psychology, & Special Education",6,van,5687867,132275.9767,136289.9333,130125.6429,NULL,172246,4005.7209,5.5000,3,43,28,15,0
84,"Family Practice",5,van,5357853,140996.1316,144012.6111,138281.3000,NULL,215005,5658.0263,3.0000,2,38,20,18,0
165,"Oral, Biological and Medical Sciences",13,van,4931569,145046.1471,161779.8421,123850.1333,NULL,167754,4933.9412,5.0000,2,34,15,19,0
11,Botany,4,van,4677665,126423.3784,129265.9583,121175.5385,NULL,93600,2529.7297,5.7500,11,37,13,24,0
14,"Civil Engineering",3,van,4533654,151121.8000,161152.4783,125540.2000,99723.0000,297031,9901.0333,12.6154,44,30,5,23,2
81,"Political Science",7,van,4399821,141929.7097,147286.7619,136826.3333,75362.0000,195451,6304.8710,8.8333,22,31,9,21,1
49,"Mechanical Engineering",3,van,4360538,140662.5161,140527.3214,141924.3333,NULL,217687,7022.1613,4.1111,10,31,3,28,0
17,"Department Of Curriculum & Pedagogy",6,van,4273815,133556.7188,150464.1333,118638.4118,NULL,243406,7606.4375,5.0000,1,32,17,15,0
56,"School Of Music",7,van,4083184,127599.5000,128834.6250,127677.1429,97413.0000,157893,4934.1563,4.6250,8,32,7,24,1
36,"Oral Health Sciences",13,van,4042586,149725.4074,148542.2500,150671.9333,NULL,118441,4386.7037,NULL,0,27,15,12,0
120,"Biochemistry & Molecular Biology",5,van,3994597,133153.2333,137335.0435,119413.0000,NULL,105295,3509.8333,5.0000,2,30,7,23,0
73,"Critical Studies",14,oka,3948157,106706.9459,110415.0000,102792.8889,NULL,94369,2550.5135,5.0000,3,37,18,19,0
191,"Respiratory Medicine Division",NULL,van,3912157,170093.7826,186265.5556,111875.4000,NULL,86899,3778.2174,NULL,0,23,5,18,0
226,"Dean's Office",5,van,3906100,186004.7619,223607.5714,110799.1429,NULL,266390,12685.2381,31.0000,13,21,7,14,0
55,"Language & Literacy Education",6,van,3855948,142812.8889,158599.7000,133526.5294,NULL,132600,4911.1111,3.0000,2,27,17,10,0
26,"Department Of Educational Studies",6,van,3835513,127850.4333,127080.7333,128620.1333,NULL,132313,4410.4333,3.0000,2,30,15,15,0
119,"Neurology Division",NULL,van,3786259,135223.5357,148402.3333,115507.2222,75452.0000,124876,4459.8571,NULL,0,28,9,18,1
70,"Application Development",NULL,van,3771935,99261.4474,105822.1905,92162.5333,83615.5000,30572,804.5263,4.0000,1,38,15,21,2
41,"Obstetrics & Gynaecology",5,van,3766441,134515.7500,123784.3636,138446.1333,164060.5000,240949,8605.3214,NULL,0,28,15,11,2
152,History,7,van,3742034,120710.7742,120343.4118,121156.8571,NULL,212828,6865.4194,6.1111,11,31,14,17,0
107,Geography,7,van,3722521,143173.8846,156716.2778,112703.5000,NULL,202072,7772.0000,12.6667,9,26,8,18,0
127,Microbiology,4,van,3649789,135177.3704,144451.3684,117182.1429,84938.0000,80319,2974.7778,4.6000,7,27,7,19,1
125,"Human Resources",NULL,van,3568158,108126.0000,101180.7500,110348.4800,NULL,67258,2038.1212,5.0000,1,33,25,8,0
109,"Chemical & Biological Engineerng",3,van,3567086,137195.6154,145043.3158,115894.7143,NULL,147025,5654.8077,6.0000,3,26,7,19,0
8,"Michael Smith Labs",NULL,van,3564559,142582.3600,154294.6842,110759.8000,79161.0000,88402,3536.0800,5.0000,2,25,5,19,1
37,"Materials Engineering",3,van,3513667,130135.8148,133983.6667,107144.0000,83771.0000,273227,10119.5185,5.0000,8,27,2,24,1
128,"School Of Kinesiology",6,van,3476346,144847.7500,147011.3750,140520.5000,NULL,85992,3583.0000,4.0000,4,24,8,16,0
118,Sociology,7,van,3466591,138663.6400,140765.4167,136723.5385,NULL,82463,3298.5200,3.8000,6,25,13,12,0
68,"Anesthesia, Pharmacology & Therapeutics",5,van,3366018,134640.7200,134996.4737,133514.1667,NULL,99857,3994.2800,NULL,0,25,6,19,0
50,"French, Hispanic & Italian Studies",7,van,3324085,110802.8333,110931.9375,110655.2857,NULL,61053,2035.1000,4.0000,4,30,14,16,0
106,"Asian Studies",7,van,3281211,117186.1071,128719.7333,103878.0769,NULL,129413,4621.8929,5.6667,7,28,13,15,0
54,Nursing,4,oka,3114596,107399.8621,75956.0000,108522.8571,NULL,90155,3108.7931,NULL,0,29,28,1,0
164,Orthopaedics,5,van,3054042,113112.6667,116211.9545,99475.8000,NULL,66039,2445.8889,NULL,0,27,5,22,0
47,"Food, Nutrition & Health",12,van,3039031,126626.2917,137434.3636,117481.0000,NULL,245505,10229.3750,4.5000,2,24,13,11,0
183,"Medicine Department",NULL,van,2947923,184245.1875,204166.0000,97921.6667,NULL,92162,5760.1250,NULL,0,16,3,13,0
57,Philosophy,7,van,2905191,145259.5500,147274.6667,139214.2000,NULL,96323,4816.1500,4.2500,5,20,5,15,0
97,"Department Of Wood Science",11,van,2776353,132207.2857,138155.8889,96515.6667,NULL,195201,9295.2857,9.0000,2,21,3,18,0
121,"School of Architecture and Landscape Architecture",NULL,van,2776096,138804.8000,133350.3077,148934.5714,NULL,67512,3375.6000,5.7143,9,20,7,13,0
224,"Art History, Visual Art & Theory",7,van,2771380,115474.1667,116821.5000,114126.8333,NULL,51758,2156.5833,2.6667,3,24,12,12,0
69,"Physical Therapy",5,van,2683038,141212.5263,116752.5000,147735.2000,NULL,87644,4612.8421,2.5000,2,19,15,4,0
31,"Applied Biology",12,van,2664934,133246.7000,136363.0000,120781.5000,NULL,79872,3993.6000,1.5000,2,20,4,16,0
25,Ophthalmology,5,van,2645501,155617.7059,167673.0000,126685.0000,NULL,105601,6211.8235,5.0000,1,17,5,12,0
113,Anthropology,7,van,2621837,124849.3810,131187.8182,117877.1000,NULL,155760,7417.1429,4.0000,2,21,10,11,0
122,"Centre for Teaching, Learning & Technology",NULL,van,2621382,90392.4828,90789.6154,90069.8125,NULL,57592,1985.9310,5.0000,5,29,16,13,0
108,"Faculty Of Education",NULL,oka,2603447,113193.3478,105785.6667,117955.4286,NULL,107845,4688.9130,NULL,0,23,14,9,0
23,"Urologic Sciences",5,van,2588662,123269.6190,127444.3750,109910.4000,NULL,27293,1299.6667,NULL,0,21,5,16,0
30,"Forest Resources Managment",11,van,2578415,135706.0526,142503.2000,110216.7500,NULL,211923,11153.8421,7.0000,10,19,4,15,0
29,"Deptartment of Forest & Conservation Sciences",11,van,2542860,133834.7368,143047.0000,123598.8889,NULL,108302,5700.1053,NULL,0,19,9,10,0
99,"Athletics And Recreation",NULL,van,2511307,100452.2800,100451.2381,100457.7500,NULL,238366,9534.6400,19.5000,18,25,4,21,0
141,"UBC Properties Trust",NULL,van,2449452,163296.8000,210963.5000,108820.5714,NULL,42618,2841.2000,2.0000,2,15,7,8,0
63,"Med IT",5,van,2444334,90530.8889,90960.5789,94180.0000,75501.5000,127285,4714.2593,4.5000,2,27,6,19,2
27,"Classical, Near Eastern And Religious Studies",7,van,2381831,119091.5500,129988.1000,108195.0000,NULL,82183,4109.1500,7.0000,9,20,10,10,0
150,"Applied Science - Dean's Office",3,van,2358260,117913.0000,116747.6000,119078.4000,NULL,116836,5841.8000,1.0000,2,20,10,10,0
157,Statistics,4,van,2312432,136025.4118,138284.8333,130602.8000,NULL,65872,3874.8235,5.0000,1,17,5,12,0
78,"Community, Culture and Global Studies (Unit 1)",9,oka,2312155,110102.6190,113569.2500,105480.4444,NULL,120154,5721.6190,NULL,0,21,9,12,0
142,"Faculty Of Management - Dean's Office",16,oka,2274380,142148.7500,143058.4000,140632.6667,NULL,118170,7385.6250,1.0000,1,16,6,10,0
137,Radiology,5,van,2271666,151444.4000,171748.6364,95607.7500,NULL,58681,3912.0667,16.0000,8,15,4,11,0
79,"Undergrad Medicine - Dean's Office",5,van,2234153,117587.0000,126275.7500,111267.9091,NULL,61886,3257.1579,NULL,0,19,11,8,0
189,"Economics, Philosophy & Political Science (Unit 8)",9,oka,2198467,115708.7895,118781.5882,89590.0000,NULL,78496,4131.3684,5.0000,1,19,2,17,0
124,"Computer Science, Mathematics, Physics, Statistics (Unit 5)",9,oka,2193155,115429.2105,114900.6875,118248.0000,NULL,57261,3013.7368,10.0000,2,19,3,16,0
42,"Psychology (Unit 4)",9,oka,2125442,125026.0000,134127.7778,114786.5000,NULL,69104,4064.9412,5.0000,2,17,8,9,0
86,"Arts - Dean's Office",7,van,2042955,127684.6875,171374.5000,113121.4167,NULL,101739,6358.6875,4.0000,6,16,12,4,0
100,Linguistics,7,van,2038846,145631.8571,155066.8889,128648.8000,NULL,40816,2915.4286,4.0000,3,14,5,9,0
215,"Fisheries Centre",NULL,van,2032445,145174.6429,149188.5833,121091.0000,NULL,130604,9328.8571,NULL,0,14,2,12,0
153,"Biology (Unit 2)",9,oka,1989595,117035.0000,116970.0000,117108.1250,NULL,43886,2581.5294,NULL,0,17,8,9,0
93,"Infectious Diseases Division",5,van,1908591,190859.1000,218702.2500,79486.5000,NULL,34690,3469.0000,NULL,0,10,2,8,0
123,"Earth and Environmental Sciences, Physical Geography (Unit 7)",9,oka,1863005,124200.3333,126205.7500,116178.6667,NULL,38202,2546.8000,5.0000,2,15,3,12,0
173,"School of Social Work",NULL,van,1787931,119195.4000,131887.4286,108089.8750,NULL,73493,4899.5333,4.3333,4,15,8,7,0
28,"School of Health and Excercise Sciences",10,oka,1741938,116129.2000,123684.2222,104796.6667,NULL,75204,5013.6000,NULL,0,15,6,9,0
265,"School of Library Archival & Information Studies",NULL,van,1732228,133248.3077,110381.0000,143411.5556,NULL,99654,7665.6923,1.0000,1,13,9,4,0
262,"Mining Engineering",3,van,1726692,143891.0000,147753.0000,101409.0000,NULL,157424,13118.6667,5.5000,3,12,1,11,0
24,"History and Sociology (Unit 6)",9,oka,1715696,107231.0000,110449.1538,93285.6667,NULL,51395,3212.1875,4.0000,1,16,3,13,0
114,"Cardiology Division",NULL,van,1694209,141184.0833,183398.6000,111030.8571,NULL,5586,465.5000,9.0000,2,12,7,5,0
149,"Continuing Studies - Domestic",NULL,van,1653642,110242.8000,116077.5556,101490.6667,NULL,66570,4438.0000,NULL,0,15,6,9,0
65,"School of Community and Regional Planning",3,van,1636426,148766.0000,138231.2000,157545.0000,NULL,68961,6269.1818,5.0000,2,11,6,5,0
195,"Project Services",NULL,van,1623371,101460.6875,100433.1667,104543.2500,NULL,18210,1138.1250,NULL,0,16,4,12,0
5,"Emergency Medicine",5,van,1572140,131011.6667,151307.4286,102597.6000,NULL,52806,4400.5000,5.0000,1,12,5,7,0
59,"Continuing Studies - International",NULL,van,1528696,109192.5714,111450.6667,107499.0000,NULL,53530,3823.5714,NULL,0,14,8,6,0
92,"Audiology & Speech Sciences",5,van,1516559,116658.3846,123394.1667,110884.8571,NULL,23351,1796.2308,NULL,0,13,7,6,0
103,"Chemistry (Unit 3)",9,oka,1509525,116117.3077,115758.0000,116925.7500,NULL,16114,1239.5385,NULL,0,13,4,9,0
74,"Faculty Of Education",NULL,van,1503009,136637.1818,150893.6000,124756.8333,NULL,105397,9581.5455,1.0000,1,11,6,5,0
182,"Creative Studies",14,oka,1450715,111593.4615,113316.6667,110116.4286,NULL,22815,1755.0000,NULL,0,13,7,6,0
239,"Industry Liaison Office",NULL,van,1446562,96437.4667,106218.5714,87879.0000,NULL,19689,1312.6000,NULL,0,15,8,7,0
266,"Dermatology & Skin Science",5,van,1431108,159012.0000,159012.0000,NULL,NULL,29117,3235.2222,NULL,0,9,0,9,0
102,"Occupational Science & Occupational Therapy",5,van,1411642,128331.0909,116252.0000,129539.0000,NULL,46097,4190.6364,5.0000,1,11,10,1,0
159,"Student Health Services",NULL,van,1404090,127644.5455,107623.7500,139085.0000,NULL,22683,2062.0909,NULL,0,11,7,4,0
326,"Financial Services",5,van,1389943,115828.5833,141437.0000,110735.7500,79746.0000,39607,3300.5833,NULL,0,12,8,3,1
176,"Theatre And Film",7,van,1386512,115542.6667,118247.2500,110133.5000,NULL,29900,2491.6667,7.5000,3,12,4,8,0
199,"Institute for Resources, Environment & Sustainability",NULL,van,1360753,170094.1250,175214.8000,161559.6667,NULL,62198,7774.7500,5.0000,1,8,3,5,0
101,"Development and Alumni Engagement Services",NULL,van,1353770,90251.3333,104626.6000,84682.8750,76587.0000,36419,2427.9333,NULL,0,15,8,5,2
145,"Client Services",NULL,van,1347320,103640.0000,102606.2857,104846.0000,NULL,44205,3400.3846,NULL,0,13,6,7,0
66,Infrastructure,NULL,van,1345806,112150.5000,113969.8750,114998.6667,89051.0000,34250,2854.1667,4.5000,2,12,3,8,1
154,"Human Early Learning Partnership",NULL,van,1334030,102617.6923,120871.6000,91209.0000,NULL,79556,6119.6923,5.0000,1,13,8,5,0
304,"Division Of AIDS",NULL,van,1310745,218457.5000,225388.4000,183803.0000,NULL,5084,847.3333,NULL,0,6,1,5,0
259,"Forestry - Dean's Office",11,van,1309025,130902.5000,147986.6000,123463.5000,75238.0000,112050,11205.0000,NULL,0,10,4,5,1
58,"Risk Management Services",NULL,van,1308049,100619.1538,106338.6250,91468.0000,NULL,37066,2851.2308,NULL,0,13,5,8,0
279,"VP Academic & Provost",NULL,van,1293674,161709.2500,183074.5000,140344.0000,NULL,76208,9526.0000,4.5000,6,8,4,4,0
105,"Museum Of Anthropology",NULL,van,1283750,98750.0000,119533.2500,89488.6250,89708.0000,43115,3316.5385,5.0000,1,13,8,4,1
209,"Institute Of Asian Research",NULL,van,1277194,141910.4444,154497.8571,97854.5000,NULL,148250,16472.2222,5.0000,1,9,2,7,0
88,Systems,NULL,van,1232365,94797.3077,93957.6667,NULL,104873.0000,6924,532.6154,NULL,0,13,0,12,1
174,"Administration Division",NULL,van,1215682,110516.5455,87450.7500,123697.0000,NULL,78723,7156.6364,NULL,0,11,7,4,0
112,"Integration Competency Centre",NULL,van,1205343,92718.6923,94855.0000,88392.4000,97125.5000,11,0.8462,NULL,0,13,5,6,2
10,"Humanities & Soclal Sciences",NULL,van,1193477,99456.4167,101386.0000,98491.6250,NULL,20880,1740.0000,NULL,0,12,8,4,0
206,"Faculty Of Land & Food Systems",NULL,van,1184644,131627.1111,145128.2000,114750.7500,NULL,65404,7267.1111,3.7500,5,9,4,5,0
178,"VP Research & International Office",NULL,van,1171364,167337.7143,194476.2500,131153.0000,NULL,132659,18951.2857,4.0000,2,7,3,4,0
2,"Facilities Planning",NULL,van,1155427,105038.8182,96377.5000,106963.5556,NULL,9525,865.9091,NULL,0,11,9,2,0
177,"UBC IT",NULL,van,1153598,164799.7143,169859.8000,152149.5000,NULL,64432,9204.5714,6.0000,8,7,2,5,0
201,Treasury,NULL,van,1146549,114654.9000,121443.7500,116359.0000,78979.0000,19578,1957.8000,NULL,0,10,5,4,1
136,Communication,NULL,van,1132786,94398.8333,96770.8571,90456.3333,92010.5000,5120,426.6667,NULL,0,12,3,7,2
117,"Woodward Library",NULL,van,1114115,101283.1818,102122.3333,100968.5000,NULL,25809,2346.2727,5.0000,1,11,8,3,0
126,"Identity & Access Management",NULL,van,1093297,99390.6364,100754.2222,93254.5000,NULL,6279,570.8182,NULL,0,11,2,9,0
286,"Central, Eastern & Northern European Studies",7,van,1080075,108007.5000,114191.0000,98732.2500,NULL,32490,3249.0000,10.0000,13,10,4,6,0
90,"Science, Dean's Office",4,van,1068654,133581.7500,153521.6667,121617.8000,NULL,26405,3300.6250,5.0000,1,8,5,3,0
38,"Steam Plant",NULL,van,1050643,87553.5833,87891.1000,85866.0000,NULL,4950,412.5000,NULL,0,12,2,10,0
3,"VP Academic & Provost Office",NULL,van,1049450,174908.3333,220073.0000,165875.4000,NULL,40934,6822.3333,1.0000,1,6,5,1,0
296,"Creative Writing Program",7,van,1044565,116062.7778,116443.7500,115758.0000,NULL,14365,1596.1111,NULL,0,9,5,4,0
34,"IT Services",NULL,oka,1036337,94212.4545,96530.7778,83780.0000,NULL,54152,4922.9091,NULL,0,11,2,9,0
334,"Research Services",NULL,van,1025841,102584.1000,123303.6667,94440.3333,89288.0000,31389,3138.9000,NULL,0,10,6,3,1
184,"President's Office",NULL,van,984304,196860.8000,306225.0000,123951.3333,NULL,229338,45867.6000,122.0000,43,5,3,2,0
77,"UBC Network& Infrastructure Facilities",NULL,van,970773,97077.3000,93344.5000,101312.0000,122705.0000,16113,1611.3000,NULL,0,10,1,8,1
132,"University Counsel Office",NULL,van,946315,135187.8571,145439.0000,121519.6667,NULL,42396,6056.5714,19.5000,8,7,3,4,0
345,IMANT,NULL,van,916971,229242.7500,270277.3333,106139.0000,NULL,52967,13241.7500,15.0000,3,4,1,3,0
53,"International Student Initiative",NULL,van,893754,99306.0000,98579.8000,100213.7500,NULL,157250,17472.2222,NULL,0,9,4,5,0
208,"Social Work",NULL,oka,893655,111706.8750,112271.3333,111368.2000,NULL,32442,4055.2500,NULL,0,8,5,3,0
89,"Dentistry - Dean's Office",13,van,890031,111253.8750,155080.3333,84958.0000,NULL,62463,7807.8750,NULL,0,8,5,3,0
80,"Real Estate Division",15,van,883633,126233.2857,134747.5000,75148.0000,NULL,45706,6529.4286,NULL,0,7,1,6,0
287,"Pension Administration Office",NULL,van,875352,97261.3333,113314.6667,89234.6667,NULL,18395,2043.8889,NULL,0,9,6,3,0
356,"Paragon Testing Enterprises Inc.",NULL,van,861890,123127.1429,129018.6000,108398.5000,NULL,28028,4004.0000,NULL,0,7,2,5,0
282,"Faculty Of Graduate Studies & Postdoctoral Studies",NULL,van,861172,123024.5714,106390.6667,135500.0000,NULL,28494,4070.5714,1.0000,1,7,4,3,0
104,"Liu Institute For Global Issues",NULL,van,830460,138410.0000,130706.5000,142261.7500,NULL,41219,6869.8333,5.0000,1,6,4,2,0
218,"Finance & Operational Strategies",NULL,van,818521,136420.1667,151488.0000,128886.2500,NULL,12114,2019.0000,NULL,0,6,4,2,0
138,Communications,NULL,van,800416,100052.0000,176873.0000,89077.5714,NULL,32917,4114.6250,1.0000,1,8,7,1,0
95,"Counselling Services",NULL,van,796944,88549.3333,91527.0000,88177.1250,NULL,16318,1813.1111,NULL,0,9,8,1,0
276,"General Internal Medicine",NULL,van,784313,156862.6000,158065.5000,156060.6667,NULL,9697,1939.4000,NULL,0,5,3,2,0
155,"Database Administration",NULL,van,779906,97488.2500,98660.6667,110015.0000,77927.0000,420,52.5000,NULL,0,8,1,6,1
64,"Technical Services",NULL,van,768571,109795.8571,110246.3333,109458.0000,NULL,21267,3038.1429,NULL,0,7,4,3,0
238,"Arts ISIT",7,van,741786,105969.4286,104906.2500,107387.0000,NULL,15952,2278.8571,10.0000,2,7,3,4,0
162,"Animal Care Services",NULL,van,737455,122909.1667,167963.0000,113898.4000,NULL,5469,911.5000,NULL,0,6,5,1,0
46,"Endocrinology & Metabolism Division",5,van,730399,121733.1667,153498.0000,115380.2000,NULL,10021,1670.1667,NULL,0,6,5,1,0
91," Enterprise Architecture",NULL,van,726238,121039.6667,139370.6667,102708.6667,NULL,13795,2299.1667,NULL,0,6,3,3,0
298,Administration,NULL,van,722237,120372.8333,132846.7500,95425.0000,NULL,24322,4053.6667,5.0000,1,6,2,4,0
291,"Gastroenterology Division",NULL,van,694884,138976.8000,148944.6667,124025.0000,NULL,20404,4080.8000,NULL,0,5,2,3,0
202,"Communications & Marketing",NULL,van,690952,98707.4286,86689.5000,114731.3333,NULL,18248,2606.8571,NULL,0,7,3,4,0
312,"Barber School of Arts and Sciences - Dean's Office",9,van,685797,137159.4000,166342.0000,129863.7500,NULL,26218,5243.6000,NULL,0,5,4,1,0
186,"School Of Journalism",NULL,van,678182,135636.4000,153589.0000,108707.5000,NULL,56782,11356.4000,10.6000,11,5,2,3,0
210,"Food Services",NULL,van,661555,94507.8571,94119.2500,95026.0000,NULL,38504,5500.5714,NULL,0,7,3,4,0
204,"Information Systems & Technology Division",NULL,van,652824,93260.5714,97536.0000,82572.0000,NULL,11747,1678.1429,NULL,0,7,2,5,0
283,"Application Management Services",NULL,van,644443,107407.1667,108207.8000,103404.0000,NULL,2866,477.6667,NULL,0,6,1,5,0
98,"Critical Care Medicine",5,van,630168,105028.0000,115055.2500,84973.5000,NULL,5448,908.0000,NULL,0,6,2,4,0
241,"Technical Services",NULL,van,628297,104716.1667,104716.1667,NULL,NULL,11854,1975.6667,NULL,0,6,0,6,0
139,Library,NULL,oka,622400,88914.2857,95262.0000,87856.3333,NULL,36048,5149.7143,NULL,0,7,6,1,0
242,"Operations Effectiveness",NULL,van,617405,102900.8333,91253.0000,114548.6667,NULL,13941,2323.5000,1.0000,2,6,3,3,0
135,"Facilities Manager",NULL,van,615217,102536.1667,99038.4000,120025.0000,NULL,4884,814.0000,NULL,0,6,1,5,0
274,"Business Information Systems",NULL,van,609852,87121.7143,88841.2000,77411.0000,88235.0000,2583,369.0000,NULL,0,7,1,5,1
94,"Rheumatology Division",5,van,595871,148967.7500,145673.5000,152262.0000,NULL,0,0.0000,NULL,0,4,2,2,0
230,"Theatre And Film (Film)",7,van,589940,117988.0000,127499.0000,111647.3333,NULL,4751,950.2000,NULL,0,5,3,2,0
219,"Desktop Services",NULL,van,587824,83974.8571,86278.2000,76588.0000,79845.0000,5636,805.1429,NULL,0,7,1,5,1
253,"Thunderbird Residence Housing-Facilities",NULL,van,570598,81514.0000,82000.0000,NULL,78598.0000,2496,356.5714,7.0000,2,7,0,6,1
264,"Faculty Of Applied Science",NULL,van,564793,141198.2500,141198.2500,NULL,NULL,10827,2706.7500,5.0000,1,4,0,4,0
158,"Internal Audit",NULL,van,563773,112754.6000,121805.2500,76552.0000,NULL,30605,6121.0000,1.0000,1,5,1,4,0
284,"Access & Diversity",NULL,van,552260,92043.3333,80267.0000,103819.6667,NULL,17750,2958.3333,1.0000,1,6,3,3,0
305,"VP Development & Alumni Engagement Office",NULL,van,552256,184085.3333,NULL,184085.3333,NULL,114782,38260.6667,NULL,0,3,3,0,0
205,"Executive Education",15,van,548237,137059.2500,240073.0000,102721.3333,NULL,95671,23917.7500,NULL,0,4,3,1,0
232,"VP Students Office",NULL,van,542539,135634.7500,107542.0000,163727.5000,NULL,23755,5938.7500,6.0000,2,4,2,2,0
197,"James Hogg iCapture Centre",NULL,van,530435,88405.8333,85362.0000,89927.7500,NULL,8329,1388.1667,NULL,0,6,4,2,0
344,"Centre for Student Involvement & Careers",NULL,van,527255,87875.8333,80516.0000,91555.7500,NULL,24472,4078.6667,NULL,0,6,4,2,0
133,"Digital Initiatives",NULL,van,525887,105177.4000,107755.3333,101310.5000,NULL,23957,4791.4000,NULL,0,5,2,3,0
196,"VP Finance, Resources & Operations",NULL,van,514317,171439.0000,325873.0000,94222.0000,NULL,20896,6965.3333,NULL,0,3,2,1,0
187,"Alumni UBC",NULL,van,509072,101814.4000,114914.0000,93081.3333,NULL,38295,7659.0000,NULL,0,5,3,2,0
258,Sustainability/Engineering,NULL,van,503990,100798.0000,104917.0000,84322.0000,NULL,6283,1256.6000,NULL,0,5,1,4,0
272,"Faculty Of Science",NULL,van,482920,160973.3333,192660.5000,97599.0000,NULL,11902,3967.3333,5.0000,1,3,1,2,0
235,"Academic Systems Support",NULL,van,482823,96564.6000,98237.5000,89873.0000,NULL,5780,1156.0000,NULL,0,5,1,4,0
234,"Enrolment Services",NULL,van,479640,95928.0000,78476.0000,100291.0000,NULL,19464,3892.8000,3.0000,2,5,4,1,0
329,"Network Planning and BCNET",NULL,van,478197,95639.4000,95639.4000,NULL,NULL,6307,1261.4000,NULL,0,5,0,5,0
318,"Population Data BC",NULL,van,469199,93839.8000,88921.5000,113513.0000,NULL,7162,1432.4000,NULL,0,5,1,4,0
377,"Law Library ",NULL,van,465288,116322.0000,87839.0000,125816.3333,NULL,7980,1995.0000,NULL,0,4,3,1,0
116,"Financial Systems",NULL,van,463716,92743.2000,92461.3333,93166.0000,NULL,2838,567.6000,NULL,0,5,2,3,0
313,"Senior Directors Office Service Delivery & Selection",NULL,van,462113,115528.2500,95419.0000,122231.3333,NULL,23227,5806.7500,1.0000,1,4,3,1,0
188,"Midwifery Program",5,van,452049,113012.2500,NULL,113012.2500,NULL,20949,5237.2500,NULL,0,4,4,0,0
83,"Centre For Teaching & Learning",NULL,oka,448837,89767.4000,94072.6667,83309.5000,NULL,16701,3340.2000,NULL,0,5,2,3,0
148,"Student Housing & Hospitality Services",NULL,van,443384,110846.0000,118535.3333,87778.0000,NULL,9994,2498.5000,1.0000,1,4,1,3,0
82,"Indigenous Teacher Education Program Office",6,van,441725,88345.0000,81312.0000,90103.2500,NULL,22973,4594.6000,5.0000,1,5,4,1,0
211,"Technology Support",13,van,436187,87237.4000,86874.6667,93301.0000,82262.0000,0,0.0000,NULL,0,5,1,3,1
314,"Peter Wall Institute For Advanced Studies",NULL,van,434540,144846.6667,NULL,144846.6667,NULL,49224,16408.0000,NULL,0,3,3,0,0
167,"Education - Dean's Office",6,van,434293,86858.6000,80685.0000,88402.0000,NULL,4132,826.4000,NULL,0,5,4,1,0
16,"Ctv&Crtstud.-Dean's Office",NULL,oka,433828,144609.3333,151945.0000,129938.0000,NULL,38158,12719.3333,NULL,0,3,1,2,0
252,"Budget Office & Managment Reporting",NULL,van,433363,86672.6000,85181.0000,87667.0000,NULL,5691,1138.2000,NULL,0,5,3,2,0
343,"First Nations House of Learning",NULL,van,432734,144244.6667,154162.5000,124409.0000,NULL,5393,1797.6667,NULL,0,3,1,2,0
359,"Public Affairs",NULL,van,431668,107917.0000,100531.6667,130073.0000,NULL,12296,3074.0000,NULL,0,4,1,3,0
388,"Vantage College",NULL,van,428839,142946.3333,151883.0000,125073.0000,NULL,38061,12687.0000,4.0000,1,3,1,2,0
292,Facilities,5,van,419100,104775.0000,82997.0000,112034.3333,NULL,6480,1620.0000,NULL,0,4,3,1,0
87,"Human Resources",NULL,oka,415042,103760.5000,101444.0000,104532.6667,NULL,22345,5586.2500,NULL,0,4,3,1,0
251,Development,NULL,oka,412733,103183.2500,84054.0000,122312.5000,NULL,38367,9591.7500,NULL,0,4,2,2,0
220,"Irving K. Barber Library",NULL,van,412161,103040.2500,108558.0000,86487.0000,NULL,17798,4449.5000,NULL,0,4,1,3,0
348,"Geriatric Medicine Division",NULL,van,395177,98794.2500,106085.0000,91503.5000,NULL,7400,1850.0000,NULL,0,4,2,2,0
172,"Institute for Gender, Race, Sexuality and Social Justice",7,van,390201,130067.0000,NULL,130067.0000,NULL,14941,4980.3333,22.5000,10,3,3,0,0
193,"Institute for Computing, Information & Cognitive Systems",NULL,van,389954,129984.6667,233576.0000,78189.0000,NULL,79569,26523.0000,NULL,0,3,2,1,0
207,"Trades Administration",NULL,van,388928,97232.0000,96123.3333,100558.0000,NULL,5376,1344.0000,NULL,0,4,1,3,0
281,"Planning & Design",NULL,van,387176,96794.0000,96794.0000,NULL,NULL,20188,5047.0000,NULL,0,4,0,4,0
169,"Teacher Education Office",6,van,386090,96522.5000,96864.6667,95496.0000,NULL,10125,2531.2500,4.0000,1,4,1,3,0
340,"Botanical Garden and Centre for Horticulture",NULL,van,386025,96506.2500,102492.3333,78548.0000,NULL,9944,2486.0000,NULL,0,4,1,3,0
322,"Parking Services",NULL,van,382186,95546.5000,102182.6667,75638.0000,NULL,17346,4336.5000,NULL,0,4,1,3,0
179,"Deputy Vice-Chancellor and Principal",NULL,oka,379952,189976.0000,NULL,189976.0000,NULL,67403,33701.5000,5.0000,1,2,2,0,0
75,"Undergraduate Admissions",NULL,van,379014,94753.5000,104482.0000,85025.0000,NULL,6541,1635.2500,1.5000,2,4,2,2,0
243,"Conferences & Accommodation",NULL,van,377516,94379.0000,115574.0000,87314.0000,NULL,33809,8452.2500,NULL,0,4,3,1,0
156,"Professional Development & Community Engagement",6,van,377056,94264.0000,92739.0000,95789.0000,NULL,10928,2732.0000,NULL,0,4,2,2,0
294,Finance,NULL,van,366192,91548.0000,86526.0000,96570.0000,NULL,7816,1954.0000,NULL,0,4,2,2,0
339,"Learning Applications",NULL,van,361026,90256.5000,90256.5000,NULL,NULL,1170,292.5000,NULL,0,4,0,4,0
134,"Centre for Molecular Medicine and Therapeutics",NULL,van,357621,89405.2500,90255.6667,86854.0000,NULL,437,109.2500,NULL,0,4,1,3,0
360,"Centre For Hip Health",NULL,van,357129,89282.2500,NULL,89282.2500,NULL,3146,786.5000,NULL,0,4,4,0,0
323,"VP Communications & Community Partnership",NULL,van,356008,178004.0000,270073.0000,85935.0000,NULL,43140,21570.0000,NULL,0,2,1,1,0
161,"Senate & Curriculum Services",NULL,van,354384,88596.0000,107505.0000,82293.0000,NULL,26042,6510.5000,NULL,0,4,3,1,0
297,Communications,5,van,350185,87546.2500,87088.3333,88920.0000,NULL,8065,2016.2500,NULL,0,4,1,3,0
300,"Nephrology Division",NULL,van,348325,116108.3333,130102.0000,109111.5000,NULL,0,0.0000,NULL,0,3,2,1,0
289,"Research Systems",NULL,van,347489,86872.2500,86872.2500,NULL,NULL,7941,1985.2500,NULL,0,4,0,4,0
331,"Hematology Division",NULL,van,346420,173210.0000,208032.0000,138388.0000,NULL,1328,664.0000,NULL,0,2,1,1,0
311,"Medical Postgraduate Education",5,van,345647,115215.6667,159436.0000,93105.5000,NULL,22478,7492.6667,NULL,0,3,2,1,0
358,"Development Services",NULL,van,344815,114938.3333,120650.0000,103515.0000,NULL,10177,3392.3333,NULL,0,3,1,2,0
247,"Evaluation Studies Unit",5,van,344780,86195.0000,95212.0000,75638.0000,78718.0000,14300,3575.0000,NULL,0,4,1,2,1
228,Nexterra,NULL,van,344329,86082.2500,86082.2500,NULL,NULL,923,230.7500,NULL,0,4,0,4,0
246,"Office of the Provost and Vice-Principal Academic",NULL,oka,343189,171594.5000,NULL,171594.5000,NULL,10952,5476.0000,NULL,0,2,2,0,0
147,"Vaccine Evaluation Centre",NULL,van,343001,85750.2500,NULL,85750.2500,NULL,8064,2016.0000,NULL,0,4,4,0,0
163,Electrician,NULL,van,341884,85471.0000,85471.0000,NULL,NULL,1625,406.2500,NULL,0,4,0,4,0
277,"Strategic Partnerships",NULL,van,341003,113667.6667,131725.0000,77553.0000,NULL,19030,6343.3333,NULL,0,3,1,2,0
233,"Borrower Services",NULL,van,335687,111895.6667,95643.0000,120022.0000,NULL,3287,1095.6667,NULL,0,3,2,1,0
255,"Centre For Disease Control",NULL,van,332639,83159.7500,75666.0000,85657.6667,NULL,11374,2843.5000,NULL,0,4,3,1,0
144,"Faculty Of Health - Dean's Office",10,oka,331622,165811.0000,165811.0000,NULL,NULL,44981,22490.5000,NULL,0,2,0,2,0
342,"Web Services",NULL,van,328145,82036.2500,79505.0000,89630.0000,NULL,921,230.2500,NULL,0,4,1,3,0
62,"Developmental Neurosciences and Child Health",5,van,327909,81977.2500,NULL,81977.2500,NULL,6355,1588.7500,NULL,0,4,4,0,0
245,"W.M. Young Centre for Applied Ethics",NULL,van,323725,161862.5000,161862.5000,NULL,NULL,5242,2621.0000,NULL,0,2,0,2,0
333,"Faculty Relations",NULL,van,323173,107724.3333,111239.0000,105967.0000,NULL,10911,3637.0000,NULL,0,3,2,1,0
256,"University Archives",NULL,van,321800,107266.6667,107266.6667,NULL,NULL,8136,2712.0000,NULL,0,3,0,3,0
111,Education,NULL,van,317304,105768.0000,124846.0000,96229.0000,NULL,6408,2136.0000,NULL,0,3,2,1,0
390,"Fine Arts Gallery",NULL,van,314879,78719.7500,79719.0000,77720.5000,NULL,9060,2265.0000,NULL,0,4,2,2,0
364,"Green College",NULL,van,310708,155354.0000,155354.0000,NULL,NULL,2975,1487.5000,NULL,0,2,0,2,0
368,Custodial,NULL,van,308594,102864.6667,97325.0000,105634.5000,NULL,3422,1140.6667,NULL,0,3,2,1,0
131,"Service Layer",NULL,van,307068,102356.0000,85505.0000,110781.5000,NULL,9994,3331.3333,NULL,0,3,2,1,0
248,"University Research Forest",NULL,van,298663,99554.3333,109215.5000,80232.0000,NULL,8220,2740.0000,5.0000,1,3,1,2,0
269,"Security Services",NULL,van,291801,97267.0000,97267.0000,NULL,NULL,12000,4000.0000,NULL,0,3,0,3,0
181,"Faculty Affairs",5,van,290348,96782.6667,NULL,96782.6667,NULL,6856,2285.3333,NULL,0,3,3,0,0
250,"UBC Press",NULL,van,290224,96741.3333,NULL,96741.3333,NULL,21835,7278.3333,NULL,0,3,3,0,0
273,"Asian Library",NULL,van,286150,95383.3333,NULL,95383.3333,NULL,6899,2299.6667,NULL,0,3,3,0,0
278,Ethics,NULL,van,285776,95258.6667,NULL,95258.6667,NULL,5119,1706.3333,NULL,0,3,3,0,0
288,"Student Housing",NULL,van,276953,92317.6667,75634.0000,100659.5000,NULL,6870,2290.0000,NULL,0,3,2,1,0
350,"Office of Planning & Institutional Research",NULL,van,272281,90760.3333,90433.0000,90924.0000,NULL,20930,6976.6667,1.0000,1,3,2,1,0
171,"Building Management System",NULL,van,269423,89807.6667,89807.6667,NULL,NULL,6336,2112.0000,NULL,0,3,0,3,0
315,"University Community Services",NULL,van,267806,133903.0000,NULL,133903.0000,NULL,11792,5896.0000,NULL,0,2,2,0,0
261,Gardener,NULL,van,264807,88269.0000,88269.0000,NULL,NULL,3800,1266.6667,NULL,0,3,0,3,0
257,"Xwi7Xwa Library",NULL,van,263476,87825.3333,NULL,87825.3333,NULL,8884,2961.3333,NULL,0,3,3,0,0
363,"Equity Office",NULL,van,261729,87243.0000,93333.0000,84198.0000,NULL,668,222.6667,NULL,0,3,2,1,0
396,"St. John's College",NULL,van,258268,129134.0000,169622.0000,88646.0000,NULL,8168,4084.0000,5.0000,1,2,1,1,0
361,"ICORD (International Collaboration On Repair Discoveries)",NULL,van,256561,85520.3333,86124.0000,84313.0000,NULL,1974,658.0000,NULL,0,3,1,2,0
214,"Student Housing & Hospitality Services",NULL,van,255940,85313.3333,89005.5000,77929.0000,NULL,12949,4316.3333,NULL,0,3,1,2,0
325,Finance,NULL,oka,253298,84432.6667,90811.0000,81243.5000,NULL,7749,2583.0000,NULL,0,3,2,1,0
268,"Fire Life Safety",NULL,van,252619,84206.3333,84206.3333,NULL,NULL,403,134.3333,NULL,0,3,0,3,0
324,"Shift Engineer",NULL,van,246278,82092.6667,82092.6667,NULL,NULL,509,169.6667,NULL,0,3,0,3,0
229,"Associate VP Alumni Affairs",NULL,van,245522,122761.0000,99379.0000,146143.0000,NULL,32251,16125.5000,NULL,0,2,1,1,0
353,"Financial Reporting",NULL,van,245371,81790.3333,NULL,81790.3333,NULL,4749,1583.0000,NULL,0,3,3,0,0
166,"Support Program to Advance Research",NULL,van,245184,245184.0000,245184.0000,NULL,NULL,4059,4059.0000,NULL,0,1,0,1,0
389,"Payment And Procurement Services",NULL,van,245129,122564.5000,167291.0000,77838.0000,NULL,10333,5166.5000,NULL,0,2,1,1,0
319,"Chan Centre For Performing Arts",NULL,van,234558,117279.0000,117279.0000,117279.0000,NULL,18813,9406.5000,NULL,0,2,1,1,0
192,"Digital Media Technology",NULL,van,229546,114773.0000,114773.0000,NULL,NULL,8983,4491.5000,NULL,0,2,0,2,0
175,"Office Of The Comptroller",NULL,van,222015,222015.0000,222015.0000,NULL,NULL,9025,9025.0000,NULL,0,1,0,1,0
347,"Rehabilitation Medicine Division",NULL,van,221069,221069.0000,221069.0000,NULL,NULL,9858,9858.0000,NULL,0,1,0,1,0
160,"Vancouver Coastal Health Research Institute",NULL,van,220304,110152.0000,NULL,110152.0000,NULL,0,0.0000,NULL,0,2,2,0,0
130,"Go Global: International Learning Program",NULL,van,213067,106533.5000,NULL,106533.5000,NULL,12483,6241.5000,NULL,0,2,2,0,0
338,"Athletics & Recreation",NULL,oka,210584,105292.0000,105292.0000,NULL,NULL,26553,13276.5000,NULL,0,2,0,2,0
221,"Science Co-Op",4,van,204775,102387.5000,127365.0000,77410.0000,NULL,9894,4947.0000,15.0000,3,2,1,1,0
263,"Housing & Conferences",NULL,oka,201954,100977.0000,NULL,100977.0000,NULL,17824,8912.0000,NULL,0,2,2,0,0
213,"Human Resources & Payroll Systems",NULL,van,199670,99835.0000,NULL,99835.0000,NULL,0,0.0000,NULL,0,2,2,0,0
223,"Central Office",NULL,van,197139,98569.5000,NULL,98569.5000,NULL,0,0.0000,NULL,0,2,2,0,0
280,"Music, Art & Architecture",NULL,van,194409,97204.5000,NULL,97204.5000,NULL,3864,1932.0000,NULL,0,2,2,0,0
341,"Rare Books & Special Collections",NULL,van,193440,96720.0000,NULL,96720.0000,NULL,5078,2539.0000,NULL,0,2,2,0,0
374,"Infrastructure Development",NULL,van,193285,193285.0000,193285.0000,NULL,NULL,2799,2799.0000,NULL,0,1,0,1,0
244,"Refrigration Mechanics",NULL,van,191194,95597.0000,96186.0000,NULL,95008.0000,429,214.5000,NULL,0,2,0,1,1
96,"Arts Academic Advising",7,van,191078,95539.0000,NULL,95539.0000,NULL,6940,3470.0000,1.0000,1,2,2,0,0
190,"Centre For Disease Modeling",NULL,van,190232,95116.0000,NULL,95116.0000,NULL,1330,665.0000,NULL,0,2,2,0,0
307,"Graduate Studies - Dean's Office",NULL,oka,189698,189698.0000,NULL,189698.0000,NULL,10267,10267.0000,NULL,0,1,1,0,0
110,"Centre For Community Engaged Learning",NULL,van,189685,94842.5000,NULL,94842.5000,NULL,16970,8485.0000,NULL,0,2,2,0,0
410,"Applied Science - Dean's Office",3,oka,189615,189615.0000,189615.0000,NULL,NULL,5157,5157.0000,NULL,0,1,0,1,0
285,"VP Finance, Resources & Operations",NULL,van,189006,94503.0000,NULL,97742.0000,91264.0000,3634,1817.0000,NULL,0,2,1,0,1
349,"International Office",NULL,van,188199,94099.5000,106727.0000,81472.0000,NULL,7746,3873.0000,NULL,0,2,1,1,0
198,"C+CP Campus Program & Animation",NULL,van,187010,93505.0000,NULL,93505.0000,NULL,6811,3405.5000,NULL,0,2,2,0,0
330,"Co-Op Education Program",NULL,van,185843,92921.5000,NULL,92921.5000,NULL,14944,7472.0000,NULL,0,2,2,0,0
290,"Life Science Institute",NULL,van,185442,92721.0000,104225.0000,81217.0000,NULL,9573,4786.5000,NULL,0,2,1,1,0
237,"Sustainability Institute",NULL,oka,183959,183959.0000,183959.0000,NULL,NULL,11372,11372.0000,NULL,0,1,0,1,0
335,Bookstore,NULL,van,183468,91734.0000,NULL,91734.0000,NULL,10900,5450.0000,NULL,0,2,2,0,0
391,"Allergy And Immunology Unit",NULL,van,181238,181238.0000,181238.0000,NULL,NULL,0,0.0000,NULL,0,1,0,1,0
212,"Research Office",5,van,180243,90121.5000,NULL,90121.5000,NULL,3773,1886.5000,NULL,0,2,2,0,0
146,"Facilities Management",NULL,oka,179209,89604.5000,89604.5000,NULL,NULL,9113,4556.5000,NULL,0,2,0,2,0
320,"Office of Campus Operations and Risk Management",NULL,oka,179142,89571.0000,77911.0000,101231.0000,NULL,4930,2465.0000,NULL,0,2,1,1,0
85,"Arts Co-Op",7,van,178961,89480.5000,NULL,89480.5000,NULL,8359,4179.5000,NULL,0,2,2,0,0
378,"Student Financial Services",NULL,van,178451,89225.5000,NULL,89225.5000,NULL,4028,2014.0000,NULL,0,2,2,0,0
267,"Institutional Programs",NULL,van,177581,88790.5000,88790.5000,NULL,NULL,3536,1768.0000,NULL,0,2,0,2,0
185,"Continuing Professional Development",5,van,177329,88664.5000,NULL,88664.5000,NULL,5373,2686.5000,NULL,0,2,2,0,0
299,"Biomedical Research Centre",NULL,van,176351,88175.5000,88175.5000,NULL,NULL,0,0.0000,NULL,0,2,0,2,0
401,Electrical,NULL,van,176322,88161.0000,88161.0000,NULL,NULL,963,481.5000,NULL,0,2,0,2,0
379,"University Relations",NULL,oka,175891,87945.5000,95073.0000,80818.0000,NULL,2873,1436.5000,NULL,0,2,1,1,0
354,"Centre for Organizational Excellence",NULL,van,175832,87916.0000,NULL,87916.0000,NULL,342,171.0000,NULL,0,2,2,0,0
385,"Solutions & Integration",NULL,van,175134,87567.0000,87567.0000,NULL,NULL,0,0.0000,NULL,0,2,0,2,0
332,"UBC At Robson Square",NULL,van,174903,87451.5000,NULL,87451.5000,NULL,2297,1148.5000,NULL,0,2,2,0,0
200,"Revenue Accounting",NULL,van,173919,86959.5000,86959.5000,NULL,NULL,4421,2210.5000,NULL,0,2,0,2,0
327,"Pacific Institute For Math Sciences",NULL,van,172433,172433.0000,172433.0000,NULL,NULL,14139,14139.0000,NULL,0,1,0,1,0
72,Security,NULL,oka,172164,86082.0000,86082.0000,NULL,NULL,9682,4841.0000,NULL,0,2,0,2,0
76,"C+CP Consultation",NULL,van,170461,85230.5000,NULL,85230.5000,NULL,1288,644.0000,NULL,0,2,2,0,0
397,"International Student Development",NULL,van,170340,85170.0000,79479.0000,90861.0000,NULL,7141,3570.5000,NULL,0,2,1,1,0
393,"AVP Finance & Operations Office",NULL,oka,166823,166823.0000,166823.0000,NULL,NULL,9662,9662.0000,NULL,0,1,0,1,0
236,"AVP Students Office",NULL,oka,163838,163838.0000,163838.0000,NULL,NULL,27266,27266.0000,NULL,0,1,0,1,0
317,"Elevator Electrician",NULL,van,162796,81398.0000,81398.0000,NULL,NULL,440,220.0000,NULL,0,2,0,2,0
306,"Student Recruitment",NULL,van,160853,80426.5000,NULL,80426.5000,NULL,30660,15330.0000,NULL,0,2,2,0,0
270,"Mechanical Maintenance",NULL,van,159563,79781.5000,79781.5000,NULL,NULL,175,87.5000,NULL,0,2,0,2,0
365,"Audio Visual",NULL,van,158366,79183.0000,79183.0000,NULL,NULL,2714,1357.0000,NULL,0,2,0,2,0
386,"IT Transformation & Project Management Office",NULL,van,157365,157365.0000,157365.0000,NULL,NULL,2356,2356.0000,NULL,0,1,0,1,0
129,"Advanced Materials and Process Engineering Laboratory",NULL,van,156934,78467.0000,78467.0000,NULL,NULL,0,0.0000,NULL,0,2,0,2,0
140,"Djavad Mowafaghian Centre for Brain Health",NULL,van,154300,77150.0000,76941.0000,77359.0000,NULL,0,0.0000,NULL,0,2,1,1,0
194,"Centre for Interactive Research on Sustainability",NULL,van,147805,147805.0000,147805.0000,NULL,NULL,9158,9158.0000,NULL,0,1,0,1,0
275,"Dental Clinic",13,van,144330,144330.0000,NULL,144330.0000,NULL,2911,2911.0000,NULL,0,1,1,0,0
301,"Management Reporting & Budget",NULL,van,143884,143884.0000,143884.0000,NULL,NULL,1146,1146.0000,NULL,0,1,0,1,0
249,"Government Relations",NULL,van,140073,140073.0000,140073.0000,NULL,NULL,21780,21780.0000,NULL,0,1,0,1,0
405,"Academic Systems Management",NULL,van,133895,133895.0000,133895.0000,NULL,NULL,0,0.0000,NULL,0,1,0,1,0
371,"Math & Science Education",NULL,van,131839,131839.0000,NULL,131839.0000,NULL,3902,3902.0000,NULL,0,1,1,0,0
355,"Neurodevelopment Network",NULL,van,131037,131037.0000,NULL,131037.0000,NULL,5284,5284.0000,NULL,0,1,1,0,0
366,"Financial Reporting & Revenue Accounting",NULL,van,124500,124500.0000,124500.0000,NULL,NULL,458,458.0000,NULL,0,1,0,1,0
413,"Community Partnership",NULL,van,123821,123821.0000,NULL,123821.0000,NULL,19824,19824.0000,NULL,0,1,1,0,0
402,"Neuroscience, Mental Health & Addiction",5,van,123204,123204.0000,NULL,123204.0000,NULL,36424,36424.0000,NULL,0,1,1,0,0
406,"Deputy Registrar",NULL,oka,117928,117928.0000,117928.0000,NULL,NULL,8646,8646.0000,NULL,0,1,0,1,0
231,"Ceremonies Office",NULL,van,115243,115243.0000,NULL,115243.0000,NULL,8325,8325.0000,5.0000,1,1,1,0,0
395,"Integrated Fac Fin Officers",NULL,van,115077,115077.0000,115077.0000,NULL,NULL,0,0.0000,NULL,0,1,0,1,0
376,"Research And Trust Accounting",NULL,van,113431,113431.0000,NULL,113431.0000,NULL,5195,5195.0000,NULL,0,1,1,0,0
308,"University-Industry Liaison Office",NULL,oka,113128,113128.0000,113128.0000,NULL,NULL,17306,17306.0000,NULL,0,1,0,1,0
382,"Faculty Pension Plan Board",NULL,van,106478,106478.0000,NULL,106478.0000,NULL,3553,3553.0000,NULL,0,1,1,0,0
403,Management,NULL,van,106035,106035.0000,106035.0000,NULL,NULL,0,0.0000,NULL,0,1,0,1,0
411,Payroll,NULL,van,105566,105566.0000,NULL,105566.0000,NULL,6804,6804.0000,NULL,0,1,1,0,0
369,"Creative Media",NULL,van,105103,105103.0000,105103.0000,NULL,NULL,5157,5157.0000,NULL,0,1,0,1,0
216,"Bio-Resource Engineering",3,van,105050,105050.0000,105050.0000,NULL,NULL,0,0.0000,NULL,0,1,0,1,0
48,"Communication Services",NULL,van,104694,104694.0000,NULL,104694.0000,NULL,3166,3166.0000,NULL,0,1,1,0,0
392,Finance,NULL,van,104345,104345.0000,NULL,104345.0000,NULL,2467,2467.0000,NULL,0,1,1,0,0
352,"UBC Learning Exchange",NULL,van,104140,104140.0000,NULL,104140.0000,NULL,385,385.0000,NULL,0,1,1,0,0
227,Data,NULL,van,102065,102065.0000,NULL,102065.0000,NULL,2941,2941.0000,NULL,0,1,1,0,0
271,"Pacific Educational Press",6,van,100432,100432.0000,NULL,100432.0000,NULL,5424,5424.0000,NULL,0,1,1,0,0
408,"Health & Wellness",NULL,oka,99839,99839.0000,99839.0000,NULL,NULL,3754,3754.0000,NULL,0,1,0,1,0
254,"Agassiz Dairy Education Research Centre",12,van,98248,98248.0000,98248.0000,NULL,NULL,1864,1864.0000,NULL,0,1,0,1,0
373,"Office of Planning and Institutional Research",NULL,oka,97613,97613.0000,NULL,97613.0000,NULL,7272,7272.0000,NULL,0,1,1,0,0
303,Finance,NULL,van,96818,96818.0000,NULL,96818.0000,NULL,2894,2894.0000,NULL,0,1,1,0,0
316,"Construction Ofc",NULL,van,94909,94909.0000,94909.0000,NULL,NULL,219,219.0000,NULL,0,1,0,1,0
328,"Music Library",NULL,van,94401,94401.0000,94401.0000,NULL,NULL,0,0.0000,NULL,0,1,0,1,0
293,"Strategic Sourcing",NULL,van,93378,93378.0000,93378.0000,NULL,NULL,160,160.0000,NULL,0,1,0,1,0
203,"Service Centre",NULL,van,92702,92702.0000,NULL,92702.0000,NULL,1289,1289.0000,10.0000,2,1,1,0,0
399,"Continuing Dental Education",13,van,92561,92561.0000,NULL,92561.0000,NULL,17059,17059.0000,NULL,0,1,1,0,0
302,"Southern Medical Program",5,oka,92545,92545.0000,NULL,92545.0000,NULL,6426,6426.0000,NULL,0,1,1,0,0
384,"Medical Animal Facility",NULL,van,92374,92374.0000,92374.0000,NULL,NULL,0,0.0000,NULL,0,1,0,1,0
362,"Finance (Provost Finance)",NULL,van,92249,92249.0000,NULL,92249.0000,NULL,3081,3081.0000,NULL,0,1,1,0,0
180,"Humanities 101 Program",7,van,91937,91937.0000,NULL,91937.0000,NULL,14053,14053.0000,NULL,0,1,1,0,0
404,"David Lam Library ",NULL,van,91865,91865.0000,NULL,91865.0000,NULL,4622,4622.0000,NULL,0,1,1,0,0
387,"Global Resource Systems",12,van,90805,90805.0000,NULL,90805.0000,NULL,8630,8630.0000,3.0000,1,1,1,0,0
168,"Centre for High-Throughput Biology",NULL,van,90364,90364.0000,90364.0000,NULL,NULL,0,0.0000,NULL,0,1,0,1,0
143,Sustainability,NULL,oka,89463,89463.0000,NULL,89463.0000,NULL,8185,8185.0000,NULL,0,1,1,0,0
321,Bookstore,NULL,oka,89394,89394.0000,89394.0000,NULL,NULL,2202,2202.0000,NULL,0,1,0,1,0
400,"IT Services",NULL,van,89314,89314.0000,89314.0000,NULL,NULL,3895,3895.0000,NULL,0,1,0,1,0
222,Communications,NULL,van,89274,89274.0000,89274.0000,NULL,NULL,0,0.0000,NULL,0,1,0,1,0
225,"Financial Systems",NULL,van,89040,89040.0000,NULL,89040.0000,NULL,5431,5431.0000,NULL,0,1,1,0,0
351,"eHealth Strategy Office",5,van,87493,87493.0000,NULL,87493.0000,NULL,0,0.0000,NULL,0,1,1,0,0
367,"Wine Research Centre",12,van,87464,87464.0000,NULL,87464.0000,NULL,0,0.0000,NULL,0,1,1,0,0
336,"Student Recruitment & Advising",NULL,oka,86927,86927.0000,NULL,86927.0000,NULL,15900,15900.0000,NULL,0,1,1,0,0
260,"Communications & Marketing",NULL,van,86899,86899.0000,86899.0000,NULL,NULL,335,335.0000,NULL,0,1,0,1,0
240,"College Of Health Disciplines",NULL,van,86622,86622.0000,NULL,86622.0000,NULL,3907,3907.0000,NULL,0,1,1,0,0
295,Water,NULL,van,85043,85043.0000,85043.0000,NULL,NULL,355,355.0000,NULL,0,1,0,1,0
337,"Child Family Health Initiative",5,van,84848,84848.0000,84848.0000,NULL,NULL,0,0.0000,NULL,0,1,0,1,0
61,"Payments & Procurement",NULL,oka,84259,84259.0000,84259.0000,NULL,NULL,6940,6940.0000,NULL,0,1,0,1,0
412,"UBC MRI Research Centre",NULL,van,83328,83328.0000,83328.0000,NULL,NULL,0,0.0000,NULL,0,1,0,1,0
346,"Office of Research Services",NULL,oka,82699,82699.0000,NULL,82699.0000,NULL,6879,6879.0000,NULL,0,1,1,0,0
357,"Dean's Office",19,van,82690,82690.0000,NULL,82690.0000,NULL,0,0.0000,NULL,0,1,1,0,0
310,"Rederivation Facility",NULL,van,82661,82661.0000,NULL,82661.0000,NULL,58,58.0000,NULL,0,1,1,0,0
309,"Centre For Comparative Medicine",NULL,van,82475,82475.0000,82475.0000,NULL,NULL,0,0.0000,NULL,0,1,0,1,0
370,"Modified Barrier Facility",NULL,van,82475,82475.0000,82475.0000,NULL,NULL,0,0.0000,NULL,0,1,0,1,0
170,"Procure To Pay Client Services",NULL,van,82473,82473.0000,NULL,82473.0000,NULL,160,160.0000,NULL,0,1,1,0,0
383,"Grad Programs & Research",NULL,van,82375,82375.0000,82375.0000,NULL,NULL,2460,2460.0000,NULL,0,1,0,1,0
60,"Medical Admissions",5,van,81366,81366.0000,81366.0000,NULL,NULL,11788,11788.0000,NULL,0,1,0,1,0
44,"International Student Initiative",NULL,oka,80753,80753.0000,NULL,80753.0000,NULL,14913,14913.0000,NULL,0,1,1,0,0
398,"Circulation Division",NULL,van,80531,80531.0000,NULL,80531.0000,NULL,161,161.0000,NULL,0,1,1,0,0
394,"Enrolment Services",NULL,oka,78944,78944.0000,NULL,78944.0000,NULL,5568,5568.0000,NULL,0,1,1,0,0
372,"Health Services and Policy Research Centre",NULL,van,78298,78298.0000,NULL,78298.0000,NULL,11742,11742.0000,NULL,0,1,1,0,0
217,"Canadian Literature",7,van,77477,77477.0000,NULL,77477.0000,NULL,1230,1230.0000,NULL,0,1,1,0,0
151,"Community Service Learning Program",NULL,oka,76747,76747.0000,76747.0000,NULL,NULL,2877,2877.0000,NULL,0,1,0,1,0
381,"Beaty Biodiversity Museum",NULL,van,76147,76147.0000,NULL,76147.0000,NULL,484,484.0000,NULL,0,1,1,0,0
12,"Student Services & Financial Support",NULL,oka,75895,75895.0000,NULL,75895.0000,NULL,6630,6630.0000,NULL,0,1,1,0,0
375,"Risk Management Services",NULL,oka,75762,75762.0000,NULL,75762.0000,NULL,1226,1226.0000,NULL,0,1,1,0,0
409,"Sauder Desktop",NULL,van,75482,75482.0000,75482.0000,NULL,NULL,0,0.0000,NULL,0,1,0,1,0
407,"Waste Management",NULL,van,75381,75381.0000,75381.0000,NULL,NULL,122,122.0000,NULL,0,1,0,1,0
380,"Operations Centre Building Management System",NULL,van,75066,75066.0000,75066.0000,NULL,NULL,1612,1612.0000,NULL,0,1,0,1,0
